0,Data/transactions_23.dat
1,Data/transactions_71.dat
2,Data/transactions_69.dat
3,Data/transactions_9.dat
4,Data/transactions_2.dat
5,Data/transactions_89.dat
6,Data/transactions_82.dat
7,Data/transactions_33.dat
8,Data/transactions_74.dat
9,Data/transactions_98.dat
10,Data/transactions_13.dat
11,Data/transactions_67.dat
12,Data/transactions_72.dat
13,Data/transactions_96.dat
14,Data/transactions_7.dat
15,Data/transactions_59.dat
16,Data/transactions_99.dat
17,Data/transactions_80.dat
18,Data/transactions_68.dat
19,Data/transactions_56.dat
20,Data/transactions_8.dat
21,Data/transactions_12.dat
22,Data/transactions_35.dat
23,Data/transactions_91.dat
24,Data/transactions_55.dat
25,Data/transactions_87.dat
26,Data/transactions_83.dat
27,Data/transactions_70.dat
28,Data/transactions_0.dat
29,Data/transactions_36.dat
30,Data/transactions_26.dat
31,Data/transactions_53.dat
32,Data/transactions_5.dat
33,Data/transactions_54.dat
34,Data/transactions_32.dat
35,Data/transactions_41.dat
36,Data/transactions_21.dat
37,Data/transactions_16.dat
38,Data/transactions_63.dat
39,Data/transactions_28.dat
40,Data/transactions_60.dat
41,Data/transactions_18.dat
42,Data/transactions_30.dat
43,Data/transactions_61.dat
44,Data/transactions_34.dat
45,Data/transactions_10.dat
46,Data/transactions_49.dat
47,Data/transactions_6.dat
48,Data/transactions_77.dat
49,Data/transactions_50.dat
50,Data/transactions_64.dat
51,Data/transactions_58.dat
52,Data/transactions_4.dat
53,Data/transactions_19.dat
54,Data/transactions_95.dat
55,Data/transactions_88.dat
56,Data/transactions_17.dat
57,Data/transactions_29.dat
58,Data/transactions_44.dat
59,Data/transactions_85.dat
60,Data/transactions_37.dat
61,Data/transactions_15.dat
62,Data/transactions_97.dat
63,Data/transactions_48.dat
64,Data/transactions_78.dat
65,Data/transactions_31.dat
66,Data/transactions_3.dat
67,Data/transactions_65.dat
68,Data/transactions_46.dat
69,Data/transactions_24.dat
70,Data/transactions_51.dat
71,Data/transactions_39.dat
72,Data/transactions_92.dat
73,Data/transactions_27.dat
74,Data/transactions_1.dat
75,Data/transactions_84.dat
76,Data/transactions_43.dat
77,Data/transactions_20.dat
78,Data/transactions_14.dat
79,Data/transactions_57.dat
80,Data/transactions_93.dat
81,Data/transactions_79.dat
82,Data/transactions_76.dat
83,Data/transactions_52.dat
84,Data/transactions_73.dat
85,Data/transactions_90.dat
86,Data/transactions_38.dat
87,Data/transactions_81.dat
88,Data/transactions_11.dat
89,Data/transactions_47.dat
90,Data/transactions_86.dat
91,Data/transactions_45.dat
92,Data/transactions_42.dat
93,Data/transactions_66.dat
94,Data/transactions_40.dat
95,Data/transactions_94.dat
96,Data/transactions_25.dat
97,Data/transactions_75.dat
98,Data/transactions_22.dat
99,Data/transactions_62.dat
